Workbook

Sheet 加工单
A1: 序号 | B1: 图号 | C1: 单台数量 | D1: 周转单 | I1: 加工单 | N1: 加工单 | S1: 加工单 | X1: 加工单 | AC1: 加工单 | AH1: 加工单 | AM1: 加工单 | AQ1: 毛坯领料单
L2: 电话料 | Q2: 电话料
D3: =IFERROR(VLOOKUP(A4,[1]计划表!A2:I33619,3,0),) -> 45659 | H3: =D3 -> 45659 | M3: =D3 -> 45659 | R3: =D3 -> 45659 | X3: =D3 -> 45659 | AB3: =D3 -> 45659 | AG3: =D3 -> 45659 | AL3: =D3 -> 45659 | AQ3: =D3 -> 45659
A4: 2 | B4: =IFERROR(VLOOKUP(A4,[1]计划表!$A$2:$BH$33911,5,0),) -> 2335C-010100 | C4: =E17 -> 0
D5: 共 | E5: =IFERROR(VLOOKUP(A4,[1]计划表!$A$2:$BH$33911,42,FALSE),) -> 1 /25 | F5: 台 | I5: 共 | J5: =E5 -> 1 /25 | K5: 台 | N5: 共 | O5: =E5 -> 1 /25 | P5: 台 | S5: 共 | T5: =E5 -> 1 /25 | U5: 台 | X5: 共 | Y5: =E5 -> 1 /25 | Z5: 台 | AC5: 共 | AD5: =E5 -> 1 /25 | AE5: 台 | AH5: 共 | AI5: =E5 -> 1 /25 | AJ5: 台 | AM5: 共 | AN5: =E5 -> 1 /25 | AO5: 台 | AR5: 共 | AS5: =E5 -> 1 /25 | AT5: 台
D7: 通知单号 | I7: 通知单号 | J7: =E7 -> 0 | N7: 通知单号 | O7: =E7 -> 0 | S7: 通知单号 | T7: =E7 -> 0 | X7: 通知单号 | Y7: =E7 -> 0 | AC7: 通知单号 | AD7: =E7 -> 0 | AH7: 通知单号 | AI7: =E7 -> 0 | AM7: 通知单号 | AN7: =E7 -> 0 | AR7: 通知单号 | AS7: =E7 -> 0
IV8: 0
D9: 产品名称 | I9: 产品名称 | J9: =E9 -> 0 | N9: 产品名称 | O9: =E9 -> 0 | S9: 产品名称 | T9: =E9 -> 0 | X9: 产品名称 | Y9: =E9 -> 0 | AC9: 产品名称 | AD9: =E9 -> 0 | AH9: 产品名称 | AI9: =E9 -> 0 | AM9: 产品名称 | AN9: =E9 -> 0 | AR9: 产品名称 | AS9: =E9 -> 0
D11: 图号 | I11: 图号 | N11: 图号 | O11: =E11 -> 0 | S11: 图号 | T11: =E11 -> 0 | X11: 图号 | Y11: =E11 -> 0 | AC11: 图号 | AD11: =E11 -> 0 | AH11: 图号 | AI11: =E11 -> 0 | AM11: 图号 | AN11: =E11 -> 0 | AR11: 图号 | AS11: =E11 -> 0
D13: 名称 | I13: 名称 | J13: =E13 -> 0 | N13: 名称 | O13: =E13 -> 0 | S13: 名称 | T13: =E13 -> 0 | X13: 名称 | Y13: =E13 -> 0 | AC13: 名称 | AD13: =E13 -> 0 | AH13: 名称 | AI13: =E13 -> 0 | AM13: 名称 | AN13: =E13 -> 0 | AR13: 名称 | AS13: =E13 -> 0
D15: 料别 | E15: =IFERROR(VLOOKUP(A4,[1]计划表!$A$2:$BH$33911,8,FALSE),) -> 0 | I15: 料别 | J15: =E15 -> 0 | N15: 料别 | O15: =E15 -> 0 | S15: 料别 | T15: =E15 -> 0 | X15: 料别 | Y15: =E15 -> 0 | AC15: 料别 | AD15: =E15 -> 0 | AH15: 料别 | AI15: =E15 -> 0 | AM15: 料别 | AN15: =E15 -> 0 | AR15: 料别 | AS15: =E15 -> 0
D17: 计划数 | I17: 计划数 | J17: =E17 -> 0 | N17: 计划数 | O17: =E17 -> 0 | S17: 计划数 | T17: =E17 -> 0 | X17: 计划数 | Y17: =E17 -> 0 | AC17: 计划数 | AD17: =E17 -> 0 | AH17: 计划数 | AI17: =E17 -> 0 | AM17: 计划数 | AN17: =E17 -> 0 | AR17: 计划数 | AS17: =E17 -> 0
D19: 完成日期 | E19: =IFERROR(VLOOKUP(A4,[1]计划表!A2:J33911,4,FALSE),) -> 0 | I19: 完成日期 | N19: 完成日期 | S19: 完成日期 | X19: 完成日期 | AC19: 完成日期 | AH19: 完成日期 | AM19: 完成日期 | AR19: 完成日期 | AS19: =E19 -> 0
J21: =IF(K21<2,2,4) -> 2 | K21: =J17*J24/60 -> 0 | O21: =IF(P21<2,2,4) -> 2 | P21: =O17*O24/60 -> 0 | T21: =IF(U21<2,2,4) -> 2 | U21: =T17*T24/60 -> 0 | Y21: =IF(Z21<2,2,4) -> 2 | Z21: =Y17*Y24/60 -> 0 | AD21: =IF(AE21<2,2,4) -> 2 | AE21: =AD17*AD24/60 -> 0 | AI21: =IF(AJ21<2,2,4) -> 2 | AJ21: =AI17*AI24/60 -> 0 | AN21: =IF(AO21<2,2,4) -> 2 | AO21: =AN17*AN24/60 -> 0
D22: 周转工序 | I22: 工序代码 | J22: =E38 -> 0 | N22: 工序代码 | O22: =E36 -> 0 | S22: 工序代码 | T22: =E34 -> 0 | X22: 工序代码 | Y22: =E32 -> 0 | AC22: 工序代码 | AD22: =E30 -> 0 | AH22: 工序代码 | AI22: =E28 -> 0 | AM22: 工序代码 | AN22: =E26 -> 0 | AR22: 单件重量 | AS22: =IFERROR(VLOOKUP(A4,[1]计划表!$A$2:$AQ$33911,35,FALSE),) -> 0
D24: 序号 | E24: 工序 | F24: 工时 | I24: 单件工时 | J24: =F38 -> 0 | N24: 单件工时 | O24: =F36 -> 0 | S24: 单件工时 | T24: =F34 -> 0 | X24: 单件工时 | Y24: =F32 -> 0 | AC24: 单件工时 | AD24: =F30 -> 0 | AH24: 单件工时 | AI24: =F28 -> 0 | AM24: 单件工时 | AN24: =F26 -> 0 | AR24: 单件下料尺寸 | AS24: =IFERROR(VLOOKUP(A4,[1]计划表!$A$2:$BH$33911,34,FALSE),) -> 0
D26: 1 | I26: 人员代码 | N26: 人员代码 | S26: 人员代码 | X26: 人员代码 | AC26: 人员代码 | AH26: 人员代码 | AM26: 人员代码
D28: 2 | I28: 人员姓名 | N28: 人员姓名 | S28: 人员姓名 | X28: 人员姓名 | AC28: 人员姓名 | AH28: 人员姓名 | AM28: 人员姓名
AR29: 代用前材料
D30: 3 | I30: 首件检验 | N30: 首件检验 | S30: 首件检验 | X30: 首件检验 | AC30: 首件检验 | AH30: 首件检验 | AM30: 首件检验
D32: 4 | I32: 合格件数 | J32: =IF(A32<0,J36,J34) -> 0 | N32: 合格件数 | O32: =IF(F32<0,O36,O34) -> 0 | S32: 合格件数 | X32: 合格件数 | AC32: 合格件数 | AH32: 合格件数 | AM32: 合格件数
AR33: 外协完工日期
D34: 5 | I34: 回用件数 | N34: 回用件数 | S34: 回用件数 | X34: 回用件数 | AC34: 回用件数 | AH34: 回用件数 | AM34: 回用件数
D36: 6 | I36: 起始时间 | N36: 起始时间 | S36: 起始时间 | X36: 起始时间 | AC36: 起始时间 | AH36: 起始时间 | AM36: 起始时间
D38: 7 | E38: =IFERROR(VLOOKUP(A4,[1]计划表!$A$2:$BH$33963,22,FALSE),) -> 0 | F38: =IFERROR(VLOOKUP(A4,[1]计划表!$A$2:$BH$33357,23,FALSE),) -> 0 | I38: 结束时间 | N38: 结束时间 | S38: 结束时间 | X38: 结束时间 | AC38: 结束时间 | AH38: 结束时间 | AM38: 结束时间 | AR38: 出库重 | AS38: =IFERROR(VLOOKUP($A4,[1]计划表!$A$2:$AQ$33900,33,0),) -> 0
D40: 8 | E40: =IFERROR(VLOOKUP(A4,[1]计划表!$A$2:$BH$33911,24,FALSE),) -> 0 | F40: =IFERROR(VLOOKUP(A6,[1]计划表!$A$2:$BH$33357,25,FALSE),) -> 0 | I40: 检验员 | N40: 检验员 | S40: 检验员 | X40: 检验员 | AC40: 检验员 | AH40: 检验员 | AM40: 检验员
D42: 9 | E42: =IFERROR(VLOOKUP(A4,[1]计划表!$A$2:$BH$33404,26,FALSE),) -> 0 | F42: =IFERROR(VLOOKUP(A8,[1]计划表!$A$2:$BH$33357,27,FALSE),) -> 0 | I42: 备注(一) | J42: =O42 -> 0 | N42: 备注(一) | O42: =IFERROR(VLOOKUP(A4,[1]计划表!$A$2:$AN$26900,39,FALSE),) -> 0 | S42: 备注(一) | T42: =O42 -> 0 | X42: 备注(一) | Y42: =T42 -> 0 | AC42: 备注(一) | AD42: =Y42 -> 0 | AH42: 备注(一) | AI42: =AD42 -> 0 | AM42: 备注(一) | AN42: =AI42 -> 0 | AR42: 零件属性 | AS42: =IFERROR(VLOOKUP($A4,[1]计划表!$A$2:$AQ$3829,30,0),) -> 0
D44: 批次号 | E44: =IFERROR(VLOOKUP(A4,[1]计划表!#REF!,44,FALSE),) -> 0
I45: 备注(二) | J45: =O45 -> 0 | N45: 备注(二) | O45: =IFERROR(VLOOKUP(A4,[1]计划表!$A$2:$AN$26900,40,FALSE),) -> 0 | S45: 备注(二) | T45: =O45 -> 0 | X45: 备注(二) | Y45: =T45 -> 0 | AC45: 备注(二) | AD45: =Y45 -> 0 | AH45: 备注(二) | AI45: =AD45 -> 0 | AM45: 备注(二) | AN45: =AI45 -> 0 | AR45: 转外备注 | AS45: =IFERROR(VLOOKUP($A4,[1]计划表!#REF!,31,0),) -> 0
E46: =2&5&" "&IFERROR(VLOOKUP(A4,[1]计划表!$A$2:$BH$33302,1,FALSE),) -> 25 2
Y408: 1980/1根
C3701: 43977 | E3701: 2003-0106030805
B3702: =G3702 -> 0 | C3702: 43978
B3703: =G3703 -> 0 | C3703: 43978
B3704: =G3704 -> 0 | C3704: 43978
B3705: =G3705 -> 0 | C3705: 43978
B3706: =G3706 -> 0 | C3706: 43978 | R3706: 3.8 | T3706: 3.8 | V3706: 1.9
B3707: =G3707 -> 0 | C3707: 43978
